Case,Distance_m,Range_sigma_um,Angle_sigma_urad,Roughness_sigma_um,Equivalent_DoubleAxis_PointSigma_mm,Measured_Point_RMS_mm,Measured_Point_P95_mm,Mean_Origin_Error_mm,P95_Origin_Error_mm,Mean_Rotation_Error_deg,P95_Rotation_Error_deg,Mean_Normal_Angle_Error_deg,P95_Normal_Angle_Error_deg,Mean_Abs_d_Error_um,P95_Abs_d_Error_um,Mean_Raw_Normal_Orthogonality_Error,OriginError_to_MeasuredPointRMS_Ratio
Combined_AllRandom,5,10,10,10,0.0714142842854285,0.0717264517265,0.123126041278524,0.00314742917568847,0.00595584901656659,0.000389457971439695,0.000685243864573737,0.000449125424838674,0.000756091205087691,26.8077915421189,52.3922321667129,7.35410798032054e-06,0.043881010421231
Combined_AllRandom,10,10,10,10,0.141774468787578,0.141293148608856,0.243859421946539,0.00583858039498561,0.0107867270270999,0.000709068506916558,0.00123976003470993,0.000849698263212805,0.0013281960780498,101.283045643824,185.827240964424,1.41261990687044e-05,0.0413224593865385
Combined_AllRandom,50,10,10,10,0.707177488329486,0.706982387255933,1.22318912341677,0.0286377111308886,0.053317382281009,0.0034804891161901,0.00642386877776661,0.0043079190805528,0.0075698936491173,2658.32313355111,5275.07565333688,7.08569643342176e-05,0.0405069654451257
Combined_AllRandom,100,10,10,10,1.41424891727022,1.41408705547186,2.44456388022124,0.0553200531278914,0.100930108989123,0.00693474794504347,0.0123395810056638,0.00858186929885803,0.0139224834160294,10778.1814400317,19385.0395514056,0.000143312105859438,0.0391206841996245
Combined_AllRandom,150,10,10,10,2.12134391365474,2.1191190510022,3.66587372729267,0.0866986108752868,0.162464180836786,0.0112055649168991,0.022003626323007,0.0130954677901708,0.0215831926991422,24198.0324322649,46145.8742438561,0.000220469923243872,0.0409125720587922
Combined_AllRandom,200,10,10,10,2.82844480236048,2.82849657521585,4.89366329285778,0.120881241830069,0.228968292459678,0.0139825940184841,0.027464426482697,0.0176099094783465,0.0296729032998839,43750.210498429,79587.0444110092,0.000296452383674669,0.0427369235265363
